SIZE,ROW_N_A,COL_N_A,COL_N_B,time
1,1024,1024,1024,5.990358
2,1024,1024,2048,6.109381
4,1024,1024,4096,6.220925
8,1024,1024,8192,6.498539
16,1024,1024,16384,6.721217
32,1024,1024,32768,7.012247
64,1024,1024,65536,11.590443
128,1024,1024,131072,13.550512
256,1024,1024,262144,14.889030
