SIZE,ROW_N_A,COL_N_A,COL_N_B,time
1,512,512,512,0.802403
2,1024,512,512,0.799933
4,2048,512,512,0.818887
8,4096,512,512,0.845263
16,8192,512,512,1.158134
32,16384,512,512,1.464811
64,32768,512,512,18.029240
128,65536,512,512,86.265091
