SIZE,ROW_N_A,COL_N_A,COL_N_B,time
1,512,512,512,0.794401
2,512,512,512,0.402704
4,512,512,512,0.203412
8,512,512,512,0.112880
16,512,512,512,0.151728
32,512,512,512,0.143264
64,512,512,512,0.168926
128,512,512,512,0.074866
