SIZE,ROW_N_A,COL_N_A,COL_N_B,time
1,1024,1024,1024,5.991287
2,1024,1024,1024,2.736838
4,1024,1024,1024,1.287472
8,1024,1024,1024,0.642583
16,1024,1024,1024,0.323398
32,1024,1024,1024,0.204599
64,1024,1024,1024,0.161256
128,1024,1024,1024,0.138198
256,1024,1024,1024,0.508608
